id;name;type;file;file_content_type;time
1;Venezuela infomediaries;AGP;../fake-data/blob/hipster.png;image/png;2020-12-27T03:42:21
2;Technician indigo;Somon;../fake-data/blob/hipster.png;image/png;2020-12-26T21:35:18
3;Generic Frozen Gloves Cambridgeshire blue;User-;../fake-data/blob/hipster.png;image/png;2020-12-26T23:18:53
4;Awesome Rubber Cheese program Liaison;inter;../fake-data/blob/hipster.png;image/png;2020-12-27T08:09:29
5;North Dakota Concrete copy;Movie;../fake-data/blob/hipster.png;image/png;2020-12-26T23:55:43
6;Mountain;Outdo;../fake-data/blob/hipster.png;image/png;2020-12-27T03:49:02
7;invoice;RAM;../fake-data/blob/hipster.png;image/png;2020-12-26T18:21:16
8;Gorgeous Rubber Soap;Assim;../fake-data/blob/hipster.png;image/png;2020-12-26T14:19:20
9;Cambridgeshire;trans;../fake-data/blob/hipster.png;image/png;2020-12-26T19:10:48
10;budgetary management input generate;Nevad;../fake-data/blob/hipster.png;image/png;2020-12-27T04:25:33
